Date,BTC_Close,Daily_Return,SMA_21,SMA_50
2024-09-29,65635.3046875,-0.003829909793174213,61737.85472470238,60216.483359375
2024-09-30,63329.5,-0.035130555094979754,62038.32924107143,60308.683671875
2024-10-01,60837.0078125,-0.039357521968434894,62190.15290178572,60338.333515625
2024-10-02,60632.78515625,-0.0033568819965540397,62346.80115327381,60338.797890625
2024-10-03,60759.40234375,0.0020882627636797935,62472.15308779762,60379.240546875
2024-10-04,62067.4765625,0.021528753876634443,62543.39955357143,60469.388125
2024-10-05,62089.94921875,0.0003620681473552878,62642.677083333336,60533.305
2024-10-06,62818.953125,0.011741093613744757,62815.825520833336,60600.104609375
2024-10-07,62236.66015625,-0.009269383518558882,63008.404203869046,60675.158515625
2024-10-08,62131.96875,-0.001682150134457161,63095.23418898809,60727.928828125
2024-10-09,60582.1015625,-0.024944762232405493,63044.397135416664,60759.315
2024-10-10,60274.5,-0.005077433013489285,62917.44680059524,60741.301171875
2024-10-11,62445.08984375,0.036011743668549645,62881.83314732143,60782.5646875
2024-10-12,63193.0234375,0.011977460447594401,62872.22284226191,60764.538046875
2024-10-13,62851.375,-0.005406426515387475,62834.25446428572,60737.985703125
2024-10-14,66046.125,0.050830232433260125,62963.603236607145,60772.23734375
2024-10-15,67041.109375,0.015064992457922477,63094.03850446428,60855.446328125
2024-10-16,67612.71875,0.008526251733136592,63306.87537202381,61017.618046875
2024-10-17,67399.8359375,-0.0031485616380424464,63412.533296130954,61185.062265625
2024-10-18,68418.7890625,0.015118035686984221,63537.68210565476,61365.674453125
2024-10-19,68362.734375,-0.0008192879217548965,63655.54334077381,61550.539609375
2024-10-20,69001.703125,0.009346740674458287,63815.84802827381,61751.175703125
2024-10-21,67367.8515625,-0.023678423698328066,64008.150483630954,61952.02296875
2024-10-22,67361.40625,-9.567341618454961e-05,64318.83612351191,62117.001484375
2024-10-23,66432.1953125,-0.01379441121005398,64594.99851190476,62297.024921875
2024-10-24,68161.0546875,0.02602442034118191,64947.45814732143,62500.815234375
2024-10-25,66642.4140625,-0.022280180844656217,65165.31231398809,62710.45375
2024-10-26,67014.6953125,0.00558625096700216,65399.82403273809,62971.772578125
2024-10-27,67929.296875,0.01364777618155344,65643.17373511905,63247.564765625
2024-10-28,69907.7578125,0.029125296867722028,66008.46409970238,63548.88859375
2024-10-29,72720.4921875,0.04023493905417541,66512.67950148809,63862.907734375
2024-10-30,72339.5390625,-0.005238593875544262,67072.55747767857,64156.724296875
2024-10-31,70215.1875,-0.029366396164960396,67545.92354910714,64414.164609375
2024-11-01,69482.46875,-0.010435331387529279,67881.03683035714,64641.27375
2024-11-02,69289.2734375,-0.0027804900426771084,68171.33444940476,64815.633203125
2024-11-03,68741.1171875,-0.00791112711687536,68451.79836309524,64990.353125
2024-11-04,67811.5078125,-0.013523338185854272,68535.86421130953,65162.9265625
2024-11-05,69359.5625,0.02282879023690776,68646.26674107143,65386.26765625
2024-11-06,75639.078125,0.09053568676993895,69028.47433035714,65692.8784375
2024-11-07,75904.859375,0.003513808689745934,69433.47544642857,65977.98203125
2024-11-08,76545.4765625,0.008439738809541852,69820.46056547618,66250.082421875
2024-11-09,76778.8671875,0.0030490452928257916,70221.22879464286,66521.800234375
2024-11-10,80474.1875,0.048129393514959595,70767.53757440476,66863.3871875
2024-11-11,88701.484375,0.10223522760015435,71783.42485119047,67364.44265625
2024-11-12,87955.8125,-0.008406532091926988,72764.11086309524,67856.962890625
2024-11-13,90584.1640625,0.029882636380625716,73914.20461309524,68382.606796875
2024-11-14,87250.4296875,-0.03680261786927608,74823.22247023809,68864.7525
2024-11-15,91066.0078125,0.04373133907381366,75986.25074404762,69382.452265625
2024-11-16,90558.4765625,-0.005573223886622736,77107.38318452382,69877.808515625
2024-11-17,89845.8515625,-0.007869224693816235,78151.02864583333,70356.972578125
2024-11-18,90542.640625,0.007755383808848215,79133.64211309524,70855.119296875
2024-11-19,92343.7890625,0.019892819836786257,80068.08482142857,71435.405078125
2024-11-20,94339.4921875,0.02161166598491282,81115.70163690476,72105.454765625
2024-11-21,98504.7265625,0.044151545428309014,82462.82254464286,72862.89359375
2024-11-22,98997.6640625,0.005004201495724558,83868.30803571429,73627.658828125
2024-11-23,97777.28125,-0.012327389984975179,85224.87983630953,74341.854921875
2024-11-24,98013.8203125,0.002419161787646784,86618.81808035714,75060.33234375
2024-11-25,93102.296875,-0.05011051933125821,87823.14136904762,75665.99921875
2024-11-26,91985.3203125,-0.011997304040733403,88900.55840773809,76260.972421875
2024-11-27,95962.53125,0.04323745271515378,89868.34188988095,76937.583671875
2024-11-28,95652.46875,-0.0032310787967048116,90808.70424107143,77638.991015625
2024-11-29,97461.5234375,0.018912786163713058,91804.70647321429,78382.731484375
2024-11-30,96449.0546875,-0.010388394458550332,92741.38206845238,79062.81078125
2024-12-01,97279.7890625,0.008613193542348574,93541.64880952382,79744.54609375
2024-12-02,95865.3046875,-0.01454037255458307,93882.78311011905,80404.8246875
2024-12-03,96002.1640625,0.0014276215513644441,94265.94270833333,81003.94546875
2024-12-04,98768.53125,0.02881567529768403,94655.67447916667,81638.49390625
2024-12-05,96593.5703125,-0.022020788503929523,95100.5859375,82218.1109375
2024-12-06,99920.7109375,0.03444474217316973,95522.23846726191,82868.5284375
2024-12-07,99923.3359375,2.627082989481444e-05,95968.18415178571,83498.619375
2024-12-08,101236.015625,0.013136868131795154,96510.57291666667,84156.085
2024-12-09,97432.71875,-0.03756861480096407,96838.671875,84724.7053125
2024-12-10,96675.4296875,-0.007772430783165474,97044.94047619047,85310.856875
2024-12-11,101173.03125,0.04652269534294651,97370.34709821429,85987.089375
2024-12-12,100043.0,-0.011169293200355757,97443.59821428571,86659.30546875
2024-12-13,101459.2578125,0.014156490833941326,97560.81696428571,87325.26953125
2024-12-14,101372.96875,-0.0008504799301751742,97732.04017857143,88019.880625
2024-12-15,104298.6953125,0.02886101293644905,98031.31994047618,88765.560625
2024-12-16,106029.71875,0.016596788984881483,98646.91145833333,89527.5690625
2024-12-17,106140.6015625,0.001045771070669721,99320.97247023809,90252.2259375
2024-12-18,100041.5390625,-0.057462106019896764,99515.2109375,90798.646875
2024-12-19,97490.953125,-0.025495268879325628,99602.7578125,91301.67515625
2024-12-20,97755.9296875,0.002717960528709318,99616.77715773809,91852.49
2024-12-21,97224.7265625,-0.005433973434635808,99653.71391369047,92407.33515625
2024-12-22,95104.9375,-0.021802983021374844,99550.14955357143,92923.6484375
2024-12-23,94686.2421875,-0.004402456102765462,99494.00372023809,93442.5509375
2024-12-24,98676.09375,0.04213760595334648,99621.33370535714,94059.84265625
2024-12-25,99299.1953125,0.0063146152104343045,99646.60342261905,94658.6353125
2024-12-26,95795.515625,-0.03528406928650052,99608.60081845238,95061.7640625
2024-12-27,94164.859375,-0.017022260795415023,99334.51264880953,95426.9640625
2024-12-28,95163.9296875,0.010609799867287384,99107.87425595238,95799.333125
2024-12-29,93530.2265625,-0.017167251608511402,98740.93191964286,96134.3603125
2024-12-30,92643.2109375,-0.00948373223930199,98512.86011904762,96377.74078125
2024-12-31,93429.203125,0.008484077565384274,98358.27790178571,96472.29515625
2025-01-01,94419.7578125,0.010602195613021781,98036.69345238095,96601.5740625
2025-01-02,96886.875,0.026129247147606893,97886.40178571429,96727.62828125
2025-01-03,98107.4296875,0.012597729955682757,97726.79092261905,96944.76828125
2025-01-04,98236.2265625,0.0013128146911018934,97577.42224702382,97088.17265625
2025-01-05,98314.9609375,0.0008014800420892421,97292.48251488095,97243.30234375
2025-01-06,102078.0859375,0.03827621924594227,97104.30952380953,97487.94703125
2025-01-07,96922.703125,-0.05050430525956884,96665.36197916667,97615.54828125
2025-01-08,95043.5234375,-0.019388436629511285,96427.36123511905,97669.54296875
2025-01-09,92484.0390625,-0.026929603222076492,96188.93675595238,97632.43390625
2025-01-10,94701.453125,0.023976181025154863,96043.48549107143,97556.3684375
2025-01-11,94566.59375,-0.001424047578467369,95916.90773809524,97467.74703125
2025-01-12,94488.4375,-0.0008264678561502592,95887.55059523809,97401.97015625
2025-01-13,94516.5234375,0.00029724205673309356,95879.46875,97332.02421875
2025-01-14,96534.046875,0.021345722040169157,95777.46651785714,97400.65921875
2025-01-15,100504.4921875,0.041129999632577796,95834.86160714286,97571.04265625
2025-01-16,99756.90625,-0.0074383335632930425,96023.49925595238,97646.93015625
2025-01-17,104462.0390625,0.04716598568833419,96513.84114583333,97823.1215625
2025-01-18,104408.0703125,-0.000516635042589142,96954.03831845238,97962.0525
2025-01-19,101089.609375,-0.03178356737719257,97314.00892857143,98054.86359375
2025-01-20,102016.6640625,0.009170622908047932,97760.36383928571,98149.60109375
2025-01-21,106146.265625,0.040479676535688514,98365.93824404762,98355.2203125
2025-01-22,103653.0703125,-0.023488299826845638,98805.61979166667,98508.2384375
2025-01-23,103960.171875,0.002962783076025932,99142.44345238095,98612.07125
2025-01-24,104819.484375,0.008265785680243276,99462.06510416667,98776.58953125
2025-01-25,104714.6484375,-0.0010001569662844156,99770.56138392857,98872.46828125
2025-01-26,102682.5,-0.019406534499448846,99978.53943452382,98927.6515625
2025-01-27,102087.6875,-0.005792734886665207,99978.99665178571,98944.685
2025-01-28,101332.4765625,-0.007397669160641884,100188.98586309524,99022.68015625
2025-01-29,103703.2109375,0.023395602825692086,100601.35193452382,99163.23578125
2025-01-30,104735.3046875,0.009952379879751394,101184.74553571429,99234.48125
2025-01-31,102405.0234375,-0.022249243050878498,101551.58221726191,99281.72171875
2025-02-01,100655.90625,-0.017080384621634526,101841.54947916667,99265.6546875
2025-02-02,97688.9765625,-0.02947596219670423,101993.95610119047,99191.97484375
2025-02-03,101405.421875,0.03804365081173988,102321.99888392857,99134.109375
2025-02-04,97871.8203125,-0.034846278405663456,102385.70238095238,98970.95140625
2025-02-05,96615.4453125,-0.012836943218062724,102200.50967261905,98780.44828125
2025-02-06,96593.296875,-0.00022924323774897726,102049.86160714286,98711.4834375
2025-02-07,96529.0859375,-0.0006647556256734743,101672.10193452382,98692.24609375
2025-02-08,96482.453125,-0.00048309597099249757,101294.69159226191,98666.7765625
2025-02-09,96500.09375,0.00018283765004545316,101076.14322916667,98652.28390625
2025-02-10,97437.5546875,0.009714611676219231,100858.09040178571,98698.93625
2025-02-11,95747.4296875,-0.017345724709743937,100362.90773809524,98720.16
2025-02-12,97885.859375,0.02233406885677658,100088.27864583333,98704.3553125
2025-02-13,96623.8671875,-0.012892487184132717,99738.93080357143,98650.84875
2025-02-14,97508.96875,0.009160278803397981,99390.81101190476,98685.1178125
2025-02-15,97580.3515625,0.0007320640697474623,99051.08258928571,98753.42765625
2025-02-16,96175.03125,-0.014401672980240199,98741.203125,98773.6496875
2025-02-17,95773.3828125,-0.004176223623530095,98440.52194940476,98818.5128125
2025-02-18,95539.546875,-0.0024415545387781457,98164.66815476191,98876.43953125
2025-02-19,96635.609375,0.011472343504350446,97828.11569940476,98940.56765625
2025-02-20,98333.9375,0.017574558032842136,97523.28869047618,99018.85125
2025-02-21,96125.546875,-0.02245807176184722,97224.26599702382,99003.6246875
2025-02-22,96577.7578125,0.0047043783073406065,97030.06845238095,98973.03125
2025-02-23,96273.921875,-0.0031460239332733453,96962.68489583333,98933.78515625
2025-02-24,91418.171875,-0.05043681513571874,96487.1015625,98795.849375
2025-02-25,88736.171875,-0.029337712021491935,96052.07068452382,98529.01109375
2025-02-26,84347.0234375,-0.04946290046952739,95467.86011904762,98277.4975
2025-02-27,84704.2265625,0.004234922709094535,94901.71391369047,98070.7115625
2025-02-28,84373.0078125,-0.003910297790814532,94322.85305059524,97908.4909375
2025-03-01,86031.9140625,0.019661575342751147,93825.20833333333,97735.10015625
2025-03-02,94248.3515625,0.09550452979612856,93717.98251488095,97728.7353125
2025-03-03,86065.671875,-0.08682040111941614,93176.46428571429,97560.28
2025-03-04,87222.1953125,0.013437685575495406,92770.50074404762,97414.3934375
2025-03-05,90623.5625,0.03899657851208138,92424.67708333333,97296.18375
2025-03-06,89961.7265625,-0.007303133084179958,92107.43229166667,97085.3284375
2025-03-07,86742.671875,-0.0357824911826653,91594.75148809524,96825.04375
2025-03-08,86154.59375,-0.006779571257010009,91050.66778273809,96458.89484375
2025-03-09,80601.0390625,-0.0644603432710168,90309.04910714286,95982.75421875
2025-03-10,78532.0,-0.02567012890361897,89488.03087797618,95531.60203125
2025-03-11,82862.2109375,0.05513944554449135,88884.34821428571,95148.51296875
2025-03-12,83722.359375,0.010380466895202334,88269.43154761905,94700.03484375
2025-03-13,81066.703125,-0.0317197970748182,87447.18229166667,94248.3075
2025-03-14,83969.1015625,0.03580259620308812,86868.30394345238,93848.48609375
2025-03-15,84343.109375,0.004454112352525463,86285.70163690476,93438.95859375
2025-03-16,82579.6875,-0.020907717157540473,85633.59523809524,92996.259375
2025-03-17,84075.6875,0.018115835083536647,85283.953125,92624.123125
2025-03-18,82718.5,-0.016142449028442418,84997.39732142857,92236.739375
2025-03-19,86854.2265625,0.049997601050550955,85116.78794642857,91947.174375
2025-03-20,84167.1953125,-0.030937253791171848,85091.21502976191,91556.4540625
2025-03-21,84043.2421875,-0.0014727011460912154,85075.51190476191,91142.6128125
2025-03-22,83832.484375,-0.0025077306278807887,84970.77715773809,90771.16203125
2025-03-23,86054.375,0.026503933905394295,84580.58779761905,90479.13140625
2025-03-24,87498.9140625,0.016786352378946434,84648.83742559524,90275.33015625
2025-03-25,87471.703125,-0.0003109860024155253,84660.71875,89996.65578125
2025-03-26,86900.8828125,-0.00652577110204744,84483.44828869047,89777.23703125
2025-03-27,87177.1015625,0.003178549412391707,84350.84709821429,89588.47015625
2025-03-28,84353.1484375,-0.032393289916566204,84237.06026785714,89343.6671875
2025-03-29,82597.5859375,-0.020812056603918605,84067.67894345238,89065.0371875
2025-03-30,82334.5234375,-0.0031848691098436133,84150.22581845238,88782.07859375
2025-03-31,82548.9140625,0.0026038970780313253,84341.50744047618,88503.055
2025-04-01,85169.171875,0.0317418810684309,84451.36272321429,88257.68734375
2025-04-02,82485.7109375,-0.031507420800550134,84392.47470238095,87992.45296875
2025-04-03,83102.828125,0.007481504135517403,84489.43303571429,87696.79234375
2025-04-04,83843.8046875,0.008916382019940938,84483.46651785714,87441.19109375
2025-04-05,83504.796875,-0.004043325726492686,84443.546875,87161.10765625
2025-04-06,78214.484375,-0.06335339642726368,84235.68005952382,86773.7903125
2025-04-07,79235.3359375,0.013051950296130821,84005.18712797618,86434.99640625
2025-04-08,76271.953125,-0.03739976334343409,83698.20870535714,86044.9678125
2025-04-09,82573.953125,0.0826253916648998,83494.38616071429,85785.6559375
2025-04-10,79626.140625,-0.0356990599146636,83278.14546130953,85445.4665625
2025-04-11,83404.8359375,0.04745546227457886,83247.74516369047,85146.88453125
2025-04-12,85287.109375,0.022567917271733462,83317.01302083333,84930.11578125
2025-04-13,83684.9765625,-0.01878516957885823,83204.18452380953,84672.26015625
2025-04-14,84542.390625,0.010245734631468162,83063.39769345238,84437.62953125
2025-04-15,83668.9921875,-0.01033089354397465,82882.31622023809,84282.6459375
2025-04-16,84033.8671875,0.004360934564412222,82745.79166666667,84188.59984375
2025-04-17,84895.75,0.01025637449930672,82637.15587797618,84199.574375
2025-04-18,84450.8046875,-0.005241078764249063,82641.80617559524,84194.5059375
2025-04-19,85063.4140625,0.007254038339443714,82759.2265625,84208.3140625
2025-04-20,85174.3046875,0.0013036230231544543,82894.45424107143,84191.161875
2025-04-21,87518.90625,0.027527099529631727,83131.12053571429,84056.57296875
2025-04-22,93441.890625,0.06767662701452015,83525.05952380953,84204.09734375
2025-04-23,93699.109375,0.0027527134594511615,84059.03087797618,84333.635625
2025-04-24,93943.796875,0.0026114175645013393,84575.26748511905,84400.0403125
2025-04-25,94720.5,0.008267742531563593,85093.20535714286,84495.21578125
2025-04-26,94646.9296875,-0.0007767095032226168,85623.78311011905,84653.3009375
2025-04-27,93754.84375,-0.00942540809771053,86363.80022321429,84805.3059375
2025-04-28,94978.75,0.013054325526514532,87113.48660714286,85092.86015625
2025-04-29,94284.7890625,-0.007306486319308303,87971.24069940476,85407.9159375
2025-04-30,94207.3125,-0.0008217291810309613,88525.21019345238,85634.81796875
2025-05-01,96492.3359375,0.02425526614507767,89328.36235119047,85890.2175
2025-05-02,96910.0703125,0.0043291974532626565,89971.46875,86207.08484375
2025-05-03,95891.796875,-0.010507405827035687,90476.45386904762,86445.53875
2025-05-04,94315.9765625,-0.016433317174712747,90982.69196428571,86644.99609375
2025-05-05,94748.0546875,0.0045811763897039,91468.67596726191,86888.3634375
2025-05-06,96802.4765625,0.02168299794413664,92094.07998511905,87142.89921875
2025-05-07,97032.3203125,0.0023743581586117557,92713.05394345238,87429.175625
2025-05-08,103241.4609375,0.06399043746457878,93586.65922619047,87756.9203125
2025-05-09,102970.8515625,-0.002621130818400763,94468.56622023809,88132.9934375
2025-05-10,104696.328125,0.016756941758927724,95403.46688988095,88546.05515625
2025-05-11,104106.359375,-0.005635047193781384,96304.99330357143,88951.53265625
2025-05-12,102812.953125,-0.01242389281274392,97033.28125,89286.70421875
2025-05-13,104169.8125,0.013197358248725033,97544.13467261905,89620.1221875
2025-05-14,103539.4140625,-0.006051642240404331,98012.72061011905,89941.47640625
2025-05-15,103744.640625,0.00198211052629782,98479.42745535714,90278.3515625
2025-05-16,103489.2890625,-0.0024613470244020386,98896.98883928571,90604.5953125
2025-05-17,103191.0859375,-0.0028814878109744146,99303.85342261905,90981.3540625
2025-05-18,106446.0078125,0.03154266519659865,99908.19456845238,91458.3225
2025-05-19,105606.1796875,-0.007889709931436006,100414.26264880953,91923.755625
2025-05-20,106791.0859375,0.011220046530480143,101009.80059523809,92408.5990625
2025-05-21,109678.078125,0.027034018449719976,101746.50372023809,92898.7771875
2025-05-22,111673.28125,0.018191448638679386,102469.40587797618,93482.52859375
2025-05-23,107287.796875,-0.03927066820202352,102963.58333333333,93966.22796875
2025-05-24,107791.15625,0.004691674073487251,103530.21949404762,94445.175
2025-05-25,109035.390625,0.011543009819045436,104231.14397321429,94955.786875
2025-05-26,109440.3671875,0.003714175371671846,104930.77790178571,95580.30453125
2025-05-27,108994.640625,-0.004072780217708405,105511.35714285714,96175.490625
2025-05-28,107802.328125,-0.010939184653144474,106024.21465773809,96806.098125
2025-05-29,105641.7578125,-0.020041963379443528,106138.51450892857,97267.45421875
2025-05-30,103998.5703125,-0.015554336978341854,106187.45349702382,97754.9028125
2025-05-31,104638.09375,0.006149348357177731,106184.68043154762,98179.56796875
2025-06-01,105652.1015625,0.009690618169351017,106258.28720238095,98586.8678125
2025-06-02,105881.53125,0.0021715582000447764,106404.40997023809,99030.79890625
2025-06-03,105432.46875,-0.004241178746647534,106464.53645833333,99448.60046875
2025-06-04,104731.984375,-0.0066439151364365845,106521.32552083333,99869.8603125
2025-06-05,101575.953125,-0.030134359325224014,106418.0546875,100220.70203125
2025-06-06,104390.34375,0.027707252931573167,106460.96205357143,100610.59390625
2025-06-07,105615.625,0.011737496074678777,106576.41629464286,101033.8903125
2025-06-08,105793.6484375,0.0016855786016509722,106545.3515625,101448.495
2025-06-09,110294.1015625,0.04253991795791734,106768.5859375,101950.8909375
2025-06-10,110257.234375,-0.0003342625487465778,106933.640625,102405.6575
2025-06-11,108686.625,-0.014244955298426398,106886.42857142857,102710.5521875
2025-06-12,105929.0546875,-0.025371753999169577,106612.89397321429,102955.15109375
2025-06-13,106090.96875,0.0015285141831733462,106555.90215773809,103198.09453125
2025-06-14,105472.40625,-0.0058304915798971235,106445.48549107143,103413.13265625
2025-06-15,105552.0234375,0.0007548627203146641,106279.61086309524,103631.23453125
2025-06-16,106796.7578125,0.011792615001237072,106153.72470238095,103892.0728125
2025-06-17,104601.1171875,-0.020559056941174436,105944.50930059524,104084.52015625
2025-06-18,104883.328125,0.0026979724986506692,105805.50930059524,104296.4909375
2025-06-19,104684.2890625,-0.0018977187896134229,105759.91555059524,104506.03046875
2025-06-20,103309.6015625,-0.013131746055793259,105727.10751488095,104642.37578125
2025-06-21,102257.40625,-0.010184874363913243,105613.74144345238,104749.3225
2025-06-22,100987.140625,-0.012422235919953284,105391.60044642857,104851.229375
2025-06-23,105577.7734375,0.04545759771084712,105377.13578869047,105076.4653125
2025-06-24,106045.6328125,0.004431419225533917,105406.33407738095,105302.416875
2025-06-25,107361.2578125,0.012406215749838134,105531.53757440476,105513.5925
2025-06-26,106960.0,-0.003737454466123835,105787.92075892857,105712.14609375
2025-06-27,107088.4296875,0.0012007263229245613,105916.40104166667,105789.08546875
2025-06-28,107327.703125,0.002234353778444831,105997.92857142857,105876.2225
2025-06-29,108385.5703125,0.009856422495764683,106121.35342261905,105950.00734375
2025-06-30,107135.3359375,-0.011535062936840146,105970.93601190476,106010.586875
2025-07-01,105698.28125,-0.013413452013053329,105753.84300595238,106068.2934375
2025-07-02,108859.3203125,0.02990624847553991,105762.06659226191,106162.08359375
2025-07-03,109647.9765625,0.007244728772290987,105939.15811011905,106284.25484375
2025-07-04,108034.3359375,-0.014716556343200904,106031.69940476191,106370.04875
2025-07-05,108231.1796875,0.0018220480395592098,106163.06956845238,106464.8865625
2025-07-06,109232.0703125,0.009247710575546852,106338.30989583333,106585.70625
2025-07-07,108299.8515625,-0.008534295352390808,106409.88578869047,106622.783125
2025-07-08,108950.2734375,0.006005750382996888,106616.98846726191,106689.665
2025-07-09,111326.5546875,0.021810695604753683,106923.80877976191,106780.374375
2025-07-10,115987.203125,0.041864660687494615,107462.04278273809,106906.556875
2025-07-11,117516.9921875,0.013189291760499877,108138.58519345238,107023.43109375
2025-07-12,117435.2265625,-0.0006957770402219454,108861.33854166667,107226.3796875
2025-07-13,119116.1171875,0.014313342548076147,109724.62313988095,107452.87890625
2025-07-14,119849.703125,0.006158578325259345,110404.23883928571,107669.16515625
2025-07-15,117777.1875,-0.01729262210051885,110962.88430059524,107835.9015625
2025-07-16,118738.5078125,0.00816219450392297,111504.65811011905,108030.77890625
2025-07-17,119289.84375,0.004643278306736054,112091.79352678571,108260.52921875
2025-07-18,118003.2265625,-0.01078563897020779,112611.54575892857,108507.75859375
2025-07-19,117939.9765625,-0.0005360022928398989,113116.89211309524,108786.58671875
2025-07-20,117300.7890625,-0.00541960002562214,113541.42633928571,109039.840625
2025-07-21,117439.5390625,0.0011828564931994912,114032.10267857143,109275.589375
2025-07-22,119995.4140625,0.02176332622218302,114712.91852678571,109557.86703125
2025-07-23,118754.9609375,-0.010337504434577038,115184.13950892857,109824.316875
2025-07-24,118368.0,-0.0032584822936673197,115599.37872023809,110097.0371875
2025-07-25,117635.8828125,-0.006185093838706357,116056.59523809524,110418.23578125
2025-07-26,117947.3671875,0.002647868724685587,116519.27083333333,110689.37625
2025-07-27,119448.4921875,0.012727075099638885,117005.76711309524,110966.03359375
2025-07-28,117924.4765625,-0.012758768211219684,117464.08258928571,111208.65015625
2025-07-29,117922.1484375,-1.9742508661990676e-05,117891.31473214286,111361.21109375
2025-07-30,117831.1875,-0.0007713643170961237,118201.05915178571,111512.69015625
2025-07-31,115758.203125,-0.017592832754910526,118190.15438988095,111654.12171875
2025-08-01,113320.0859375,-0.021062154747402473,117990.30171130953,111801.94234375
2025-08-02,112526.9140625,-0.006999393518263508,117756.57254464286,111930.66125
2025-08-03,114217.671875,0.015025363723748075,117523.31324404762,112105.5665625
2025-08-04,115071.8828125,0.007478798363486527,117295.79799107143,112295.96375
2025-08-05,114141.4453125,-0.008085706753543476,117122.66741071429,112442.8575
2025-08-06,115028.0,0.007767158415357134,116945.9765625,112651.39515625
2025-08-07,117496.8984375,0.021463456180234486,116860.59821428571,112903.6665625
2025-08-08,116688.7265625,-0.0068782400705657,116798.00297619047,113143.7553125
2025-08-09,116500.359375,-0.0016142706587778388,116729.44977678571,113407.57046875
2025-08-10,119306.7578125,0.02408918266480664,116824.97209821429,113748.5575
2025-08-11,118731.4453125,-0.004822128356753663,116886.49144345238,114103.44359375
2025-08-12,120172.90625,0.012140515376580119,116894.94345238095,114395.34625
2025-08-13,123344.0625,0.026388279596092357,117113.47209821429,114741.31484375
2025-08-14,118359.578125,-0.040411222672351976,117113.07105654762,114961.28125
2025-08-15,117398.3515625,-0.008121240187970669,117101.76004464286,115170.04828125
2025-08-16,117491.3515625,0.0007921746665282559,117080.04501488095,115378.10671875
2025-08-17,117453.0625,-0.00032588834829794244,116985.02455357143,115580.61390625
2025-08-18,116252.3125,-0.01022323279139703,116905.39769345238,115737.94875
2025-08-19,112831.1796875,-0.029428514056440758,116662.97061011905,115851.865625
2025-08-20,114274.7421875,0.012794003430595335,116493.61607142857,116023.39484375
2025-08-21,112419.03125,-0.01623902974513114,116334.60788690476,116094.5890625
2025-08-22,116874.0859375,0.03962900798880531,116503.84598214286,116239.11125
2025-08-23,115374.328125,-0.012832252765613172,116639.43712797618,116385.91109375
2025-08-24,113458.4296875,-0.016605933647771742,116603.28273809524,116490.45609375
2025-08-25,110124.3515625,-0.029385900493979156,116367.68601190476,116508.30171875
2025-08-26,111802.65625,0.015240086898922645,116256.31510416667,116578.3578125
2025-08-27,111222.0625,-0.005193022862549412,116075.07998511905,116623.79359375
2025-08-28,112544.8046875,0.01189280397942638,115839.26599702382,116648.15859375
2025-08-29,108410.8359375,-0.036731759955323295,115445.08072916667,116496.63125
2025-08-30,108808.0703125,0.003664157476186425,115078.78125,116322.4528125
2025-08-31,108236.7109375,-0.00525107534173741,114551.63616071429,116138.4825
2025-09-01,109250.59375,0.009367272930950854,114100.16703869047,115941.17203125
2025-09-02,111200.5859375,0.017848801737061493,113672.91369047618,115768.1896875
2025-09-03,111723.2109375,0.004699840343410866,113119.53980654762,115647.11015625
2025-09-04,110723.6015625,-0.008947195185422974,112755.921875,115486.81203125
2025-09-05,110650.984375,-0.0006558419928113235,112434.61867559524,115314.03484375
2025-09-06,110224.6953125,-0.0038525555367432407,112088.58742559524,115158.46421875
2025-09-07,111167.6171875,0.008554542812086785,111789.28050595238,115023.01703125
2025-09-08,112071.4296875,0.008130177859939192,111590.19084821429,114918.42984375
2025-09-09,111530.546875,-0.004826232823193166,111528.25595238095,114800.25
2025-09-10,113955.359375,0.02174124101370767,111513.04724702382,114679.44890625
2025-09-11,115507.5390625,0.013620945043858246,111660.11904761905,114614.50046875
2025-09-12,116101.578125,0.005142859655061782,111623.33296130953,114569.17203125
2025-09-13,115950.5078125,-0.0013011908618274504,111650.77008928571,114535.46453125
2025-09-14,115407.65625,-0.004681752350561785,111743.59040178571,114484.6703125
2025-09-15,115444.875,0.0003224981011604733,111996.94866071429,114404.59796875
2025-09-16,116843.1875,0.012112382641498831,112236.97395833333,114382.9721875
2025-09-17,116468.5078125,-0.0032066883445814875,112486.8046875,114353.899375
2025-09-18,117137.203125,0.005741425944741474,112705.49032738095,114340.0196875
2025-09-19,115688.859375,-0.012364506846338497,113052.06287202382,114338.6328125
2025-09-20,115721.9609375,0.0002861257573012477,113381.29575892857,114386.6703125
2025-09-21,115306.09375,-0.003593675600818802,113717.93303571429,114442.25390625
2025-09-22,112748.5078125,-0.02218083931492132,113884.50037202382,114412.870625
2025-09-23,112014.5,-0.00651013327573835,113923.25818452382,114351.72296875
2025-09-24,113328.6328125,0.011731809832655538,113999.70684523809,114335.46671875
2025-09-25,109049.2890625,-0.03776048156409062,113919.97767857143,114215.8925
2025-09-26,109712.828125,0.0060847628462732395,113875.30357142857,114060.21109375
2025-09-27,109681.9453125,-0.0002814877077529365,113849.45833333333,113920.07546875
2025-09-28,112122.640625,0.02225248016477188,113894.93563988095,113832.52109375
2025-09-29,114400.3828125,0.02031473906432546,114005.83816964286,113734.39359375
2025-09-30,114056.0859375,-0.003009577997342028,114126.10193452382,113640.88640625
2025-10-01,118648.9296875,0.04026829179914837,114349.60528273809,113610.406875
2025-10-02,120681.2578125,0.017128920845327356,114595.97284226191,113557.15078125
2025-10-03,122266.53125,0.013136036748664148,114889.54203869047,113635.28984375
2025-10-04,122425.4296875,0.001299606980548873,115197.87165178571,113735.83140625
2025-10-05,123513.4765625,0.008887425412982486,115583.86309523809,113856.27390625
2025-10-06,124752.53125,0.010031736794915869,116027.08482142857,114002.26328125
2025-10-07,121451.3828125,-0.026461574802715715,116246.52269345238,114106.2446875
2025-10-08,123354.8671875,0.01567280940669602,116574.44456845238,114316.7184375
2025-10-09,121705.5859375,-0.013370216251727518,116791.98660714286,114465.3353125
2025-10-10,113214.3671875,-0.06976852117831744,116674.15364583333,114481.24203125
2025-10-11,110807.8828125,-0.02125599811033263,116440.14992559524,114359.91796875
2025-10-12,115169.765625,0.03936437283871608,116433.65811011905,114355.82671875
2025-10-13,115271.078125,0.000879679657679322,116553.78050595238,114392.0796875
2025-10-14,113118.6640625,-0.01867262888064536,116606.35974702382,114451.9659375
2025-10-15,110783.1640625,-0.02064646024028005,116485.14694940476,114431.57609375
2025-10-16,108186.0390625,-0.023443318504017374,116444.03980654762,114370.855625
2025-10-17,106467.7890625,-0.01588236351834038,116289.51413690476,114249.3153125
2025-10-18,107198.265625,0.006861009972426446,116171.24367559524,114225.06390625
2025-10-19,108666.7109375,0.013698405510000455,116006.67559523809,114222.23671875
2025-10-20,110588.9296875,0.01768912239467313,115825.17782738095,114269.28109375
2025-10-21,108476.890625,-0.019098105646452646,115559.50186011905,114253.80703125
2025-10-22,107688.5859375,-0.007267028792566799,115037.58072916667,114183.56703125
2025-10-23,110069.7265625,0.022111355667553845,114532.26971726191,114150.49734375
2025-10-24,111033.921875,0.008759859251149305,113997.38355654762,114156.70375
2025-10-25,111641.7265625,0.005474045023684315,113483.87388392857,114176.51859375
2025-10-26,114472.4453125,0.025355383127430242,113053.34858630953,114261.47359375
2025-10-27,114119.328125,-0.0030847352525406047,112547.00558035714,114320.5078125
2025-10-28,112956.1640625,-0.01019252462848308,112142.47135416667,114338.2025
2025-10-29,110055.3046875,-0.025681284408657135,111509.15885416667,114308.69765625
2025-10-30,108305.546875,-0.015898895718551742,110871.06175595238,114195.70140625
2025-10-31,109556.1640625,0.011547120379193476,110696.86160714286,114076.67390625
2025-11-01,110064.015625,0.004635536182247879,110661.43936011905,113955.92265625
2025-11-02,110639.625,0.005229768982454308,110445.71837797618,113849.705
2025-11-03,106547.5234375,-0.03698585893164408,110030.31101190476,113672.50234375
2025-11-04,101590.5234375,-0.046523840630681046,109481.35193452382,113395.4153125
2025-11-05,103891.8359375,0.02265282648549194,109153.19345238095,113136.38828125
2025-11-06,101301.2890625,-0.02493503798083263,108825.34821428571,112833.04390625
2025-11-07,103372.40625,0.020445121741957006,108677.94903273809,112557.74796875
2025-11-08,102282.1171875,-0.010547196317199026,108443.84672619047,112289.613125
2025-11-09,104719.640625,0.02383137448193029,108255.89099702382,112069.56671875
2025-11-10,105996.59375,0.012194017448672767,108037.20833333333,111883.37671875
2025-11-11,102997.46875,-0.028294541304540788,107776.28348214286,111688.3559375
2025-11-12,101663.1875,-0.012954505253314763,107489.35974702382,111481.3296875
2025-11-13,99697.4921875,-0.01933536967351135,106995.44382440476,111208.706875
2025-11-14,94397.7890625,-0.053157837862490065,106203.24702380953,110915.676875
2025-11-15,95549.1484375,0.012196889211437911,105436.93377976191,110632.40328125
2025-11-16,94177.078125,-0.01435983820826503,104470.48772321429,110322.3059375
2025-11-17,92093.875,-0.02212006537551514,103421.65662202382,109921.730625
2025-11-18,92948.875,0.009284005043766586,102468.92857142857,109492.70046875
2025-11-19,91465.9921875,-0.015953746750565823,101583.72321428571,109040.89859375
2025-11-20,86631.8984375,-0.05285126891851111,100551.64471726191,108400.55796875
2025-11-21,85090.6875,-0.017790340109098413,99386.62202380953,107688.7465625
2025-11-22,84648.359375,-0.0051983141515926645,98176.35267857143,106936.383125
2025-11-23,86805.0078125,0.025477734635657168,97041.37090773809,106223.9746875
2025-11-24,88270.5625,0.01688329653360121,96171.03943452382,105519.11640625
2025-11-25,87341.890625,-0.010520742688141405,95492.53311011905,104770.90359375
2025-11-26,90518.3671875,0.03636830551491177,94855.70126488095,104152.24328125
2025-11-27,91285.375,0.008473504729832548,94378.75297619047,103510.8534375
2025-11-28,90919.265625,-0.004010602738938163,93785.74627976191,102895.12703125
2025-11-29,90851.7578125,-0.0007425028351905061,93241.44345238095,102447.87484375
2025-11-30,90394.3125,-0.005035073877646679,92559.28497023809,102039.6034375
2025-12-01,86321.5703125,-0.045055292472078956,91622.37909226191,101462.63953125
2025-12-02,91350.203125,0.05825464938016567,91067.74739583333,100984.22203125
2025-12-03,93527.8046875,0.023837949867722363,90680.34821428571,100592.40484375
2025-12-04,92141.625,-0.014821043775501641,90320.54501488095,100219.5740625
2025-12-05,89387.7578125,-0.029887330373216225,90081.97209821429,99843.6084375
2025-12-06,89272.375,-0.0012908122468182626,89783.078125,99499.70015625
2025-12-07,90405.640625,0.012694471554050235,89603.48586309524,99163.84765625
2025-12-08,90640.203125,0.0025945560296725123,89534.26339285714,98803.3175
2025-12-09,92691.7109375,0.022633530616329445,89522.01748511905,98445.373125
2025-12-10,92020.9453125,-0.007236522211271801,89548.44382440476,98116.25421875
2025-12-11,92511.3359375,0.005329119618741718,89828.41703869047,97812.70921875
2025-12-12,90270.4140625,-0.024223213861206738,90075.07068452382,97416.72296875
2025-12-13,90298.7109375,0.00031346787642294593,90344.13504464286,97002.01875
2025-12-14,88175.1796875,-0.023516739363752315,90409.38132440476,96532.6878125
2025-12-15,86419.78125,-0.019908078936967,90321.24888392857,95971.63453125
2025-12-16,87843.984375,0.01648005936140917,90345.15811011905,95446.12765625
2025-12-17,86143.7578125,-0.01935507109105894,90136.84337797618,94909.87953125
2025-12-18,85462.5078125,-0.007908292107279613,89859.56398809524,94418.02359375
2025-12-19,88103.3828125,0.03090097713717843,89725.47433035714,94013.9803125
2025-12-20,88344.0,0.002731077738661547,89606.05729166667,93589.73703125
2025-12-21,88621.75,0.0031439599746445612,89521.64955357143,93160.89171875
2025-12-22,88490.015625,-0.0014864790528285043,89624.90885416667,92717.89953125
2025-12-23,87414.0,-0.01215974047919599,89437.47061011905,92335.2290625
2025-12-24,87611.9609375,0.0022646365284737513,89155.76376488095,92055.6578125
2025-12-25,87234.7421875,-0.004305562231041726,88922.10267857143,91722.5159375
2025-12-26,87301.4296875,0.0007644603322913834,88822.75372023809,91442.51875
2025-12-27,87802.15625,0.005735605525503784,88752.74330357143,91131.11375
2025-12-28,87835.8359375,0.00038358610925337544,88630.37165178571,90842.188125
2025-12-29,87138.140625,-0.007943173820266769,88463.60677083333,90490.558125
2025-12-30,88430.1328125,0.014826942349620564,88260.67447916667,90139.22890625
2025-12-31,87508.828125,-0.01041844740246467,88045.81175595238,89829.45609375
2026-01-01,88731.984375,0.013977518339667538,87865.84263392857,89570.83203125
2026-01-02,89944.6953125,0.013667122921255048,87850.33221726191,89375.77609375
2026-01-03,90603.1875,0.007321078638514056,87864.83110119047,89299.8840625
2026-01-04,91413.4921875,0.008943445698309516,88019.03645833333,89217.1709375
2026-01-05,93882.5546875,0.027009825802690735,88374.40662202382,89211.28046875
2026-01-06,93729.03125,-0.0016352711961346023,88654.64694940476,89243.98359375
2026-01-07,91308.0546875,-0.025829527204251357,88900.56584821429,89211.1671875
2026-01-08,91027.125,-0.003076724046541912,89165.54761904762,89202.38984375
2026-01-09,90513.1015625,-0.005646925984974294,89280.29613095238,89280.01390625
2026-01-10,90386.6484375,-0.001397069847536736,89377.56510416667,89385.933125
2026-01-11,90827.4609375,0.004876964768804504,89482.59895833333,89509.51515625
2026-01-12,91192.9921875,0.004024457429802286,89611.31212797618,89597.27484375
2026-01-13,95321.78125,0.04527528885126264,89987.87313988095,89738.29921875
2026-01-14,96929.328125,0.016864423365986925,90431.55729166667,89930.04796875
2026-01-15,95551.1875,-0.01421799419905967,90827.57849702382,90030.704375
2026-01-16,95525.1171875,-0.00027284132392391136,91219.18266369047,90115.49921875
2026-01-17,95099.921875,-0.004451136256293897,91566.6953125,90199.11234375
2026-01-18,93634.4296875,-0.01541002514624834,91842.81882440476,90254.76578125
2026-01-19,92553.59375,-0.011543146480490485,92100.69754464286,90297.95140625
2026-01-20,88310.90625,-0.04584033237499219,92095.02008928571,90337.738125
2026-01-21,89376.9609375,0.012071608510981546,92183.97879464286,90298.27328125
2026-01-22,89462.453125,0.000956534957143873,92218.76302083333,90216.96625
2026-01-23,89503.875,0.00046300848627667257,92197.77157738095,90164.21125
2026-01-24,89110.734375,-0.00439244250598092,92126.70238095238,90158.67078125
2026-01-25,86572.21875,-0.028487203509257375,91896.16555059524,90104.66765625
2026-01-26,88267.140625,0.019578126787931138,91628.76488095238,90061.89765625
2026-01-27,89102.5703125,0.009464787027023913,91408.45721726191,90031.145
2026-01-28,89184.5703125,0.0009202877056453396,91307.33891369047,89961.0021875
2026-01-29,84561.5859375,-0.05183614563372574,90999.45610119047,89811.815
2026-01-30,84128.65625,-0.005119696877728619,90695.43489583333,89644.16140625
2026-01-31,78621.1171875,-0.06546567255435032,90135.17150297618,89411.17546875
2026-02-01,76974.4453125,-0.02094439679701987,89475.50409226191,89144.69015625
2026-02-02,78688.765625,0.022271291537603544,88880.06473214286,88954.961875
2026-02-03,75633.546875,-0.03882661934945053,87942.52976190476,88739.2371875
2026-02-04,73019.703125,-0.03455931736640505,86803.97619047618,88442.7515625
2026-02-05,62702.09765625,-0.14129892381358544,85239.73381696429,87973.918359375
2026-02-06,70555.390625,0.1252476912623226,84050.69921875,87675.776015625
2026-02-07,69281.96875,-0.018048541205989532,82821.27287946429,87299.347734375
2026-02-08,70264.7265625,0.014184900201757111,81708.42987351191,86937.762265625
2026-02-09,70120.78125,-0.00204861414171964,80640.20070684524,86567.742890625
2026-02-10,68713.4609375,-0.020069946275734107,79706.98902529762,86172.211796875
